<?xml version="1.0" encoding="UTF-8"?>
<metadata xml:lang="en"><Esri><CreaDate>20170223</CreaDate><CreaTime>17235500</CreaTime><ArcGISFormat>1.0</ArcGISFormat><SyncOnce>TRUE</SyncOnce><DataProperties><itemProps><itemLocation><linkage Sync="TRUE">file://\\ssv.wa.lcl\resdat\programs\fish\PS_MFS_GIS projects\BottomTrawl_GIS\trawl_regions</linkage><protocol Sync="TRUE">Local Area Network</protocol></itemLocation></itemProps><copyHistory><copy source="C:\Users\blainjmb\Documents\Databases\GIS\Trawl_GIS\trawl_regions" dest="\\ssv.wa.lcl\resdat\programs\fish\PS_MFS_GIS projects\BottomTrawl_GIS\trawl_regions" date="20170223" time="17235500"></copy></copyHistory></DataProperties></Esri></metadata>
